Iphone,Price,Today
iPhone 14 Pro Max 128GB | Chính hãng VN/A,33.990.000,2022-10-26
iPhone 11 64GB I Chính hãng VN/A,11.290.000,2022-10-26
iPhone 13 Pro Max 128GB | Chính hãng VN/A,27.990.000,2022-10-26
iPhone 12 Pro Max 128GB I Chính hãng VN/A,25.590.000,2022-10-26
iPhone 14 128GB  | Chính hãng VN/A,21.990.000,2022-10-26
iPhone 14 Pro 256GB | Chính hãng VN/A,32.490.000,2022-10-26
iPhone 13 128GB | Chính hãng VN/A,19.490.000,2022-10-26
iPhone 14 Pro Max 256GB | Chính hãng VN/A,36.990.000,2022-10-26
iPhone 14 Pro 128GB | Chính hãng VN/A,30.990.000,2022-10-26
iPhone 12 64GB I Chính hãng VN/A,16.390.000,2022-10-26
iPhone 14 Plus 128GB | Chính hãng VN/A,24.990.000,2022-10-26
iPhone 13 Pro 128GB | Chính hãng VN/A,25.990.000,2022-10-26
iPhone 11 128GB I Chính hãng VN/A,13.290.000,2022-10-26
iPhone 13 Pro Max 256GB I Chính hãng VN/A,30.590.000,2022-10-26
iPhone 14 Pro Max 512GB | Chính hãng VN/A,43.990.000,2022-10-26
iPhone 12 128GB I Chính hãng VN/A,16.990.000,2022-10-26
iPhone 14 Pro Max 1TB | Chính hãng VN/A,48.990.000,2022-10-26
iPhone SE 2022 | Chính hãng VN/A,10.390.000,2022-10-26
iPhone 12 mini 64GB I Chính hãng VN/A,15.000.000,2022-10-26
iPhone 13 Pro Max 512GB I Chính hãng VN/A,34.990.000,2022-10-26
iPhone 14 Pro Max 128GB | Chính hãng VN/A,33.990.000,2022-10-26
iPhone 11 64GB I Chính hãng VN/A,11.290.000,2022-10-26
iPhone 13 Pro Max 128GB | Chính hãng VN/A,27.990.000,2022-10-26
iPhone 12 Pro Max 128GB I Chính hãng VN/A,25.590.000,2022-10-26
iPhone 14 128GB  | Chính hãng VN/A,21.990.000,2022-10-26
iPhone 14 Pro 256GB | Chính hãng VN/A,32.490.000,2022-10-26
iPhone 13 128GB | Chính hãng VN/A,19.490.000,2022-10-26
iPhone 14 Pro Max 256GB | Chính hãng VN/A,36.990.000,2022-10-26
iPhone 14 Pro 128GB | Chính hãng VN/A,30.990.000,2022-10-26
iPhone 12 64GB I Chính hãng VN/A,16.390.000,2022-10-26
iPhone 14 Plus 128GB | Chính hãng VN/A,24.990.000,2022-10-26
iPhone 13 Pro 128GB | Chính hãng VN/A,25.990.000,2022-10-26
iPhone 11 128GB I Chính hãng VN/A,13.290.000,2022-10-26
iPhone 13 Pro Max 256GB I Chính hãng VN/A,30.590.000,2022-10-26
iPhone 14 Pro Max 512GB | Chính hãng VN/A,43.990.000,2022-10-26
iPhone 12 128GB I Chính hãng VN/A,16.990.000,2022-10-26
iPhone 14 Pro Max 1TB | Chính hãng VN/A,48.990.000,2022-10-26
iPhone SE 2022 | Chính hãng VN/A,10.390.000,2022-10-26
iPhone 12 mini 64GB I Chính hãng VN/A,15.000.000,2022-10-26
iPhone 13 Pro Max 512GB I Chính hãng VN/A,34.990.000,2022-10-26
